{"cameraMode":{"drawMode":0,"name":"Shaded","section":"Shading Mode"},"sceneLighting":true,"audioPlay":false,"sceneViewState":{"m_AlwaysRefresh":false,"showFog":true,"showSkybox":true,"showFlares":true,"showImageEffects":true,"showParticleSystems":true,"showVisualEffectGraphs":true,"m_FxEnabled":true},"in2DMode":false,"pivot":{"x":903.2265014648438,"y":705.719970703125,"z":117.69828796386719},"rotation":{"x":-0.005999990738928318,"y":-0.004499734379351139,"z":-0.000027326319468556903,"w":0.9999762773513794},"size":672.5219116210938,"orthographic":true}