{"cameraMode":{"drawMode":0,"name":"Shaded","section":"Shading Mode"},"sceneLighting":true,"audioPlay":false,"sceneViewState":{"m_AlwaysRefresh":false,"showFog":true,"showSkybox":true,"showFlares":true,"showImageEffects":true,"showParticleSystems":true,"showVisualEffectGraphs":true,"m_FxEnabled":true},"in2DMode":false,"pivot":{"x":709.833251953125,"y":541.7645263671875,"z":86.83715057373047},"rotation":{"x":0.032948561012744907,"y":0.05244728922843933,"z":-0.001731384894810617,"w":0.9980789422988892},"size":902.4926147460938,"orthographic":true}