{"cameraMode":{"drawMode":0,"name":"Shaded","section":"Shading Mode"},"sceneLighting":true,"audioPlay":false,"sceneViewState":{"m_AlwaysRefresh":false,"showFog":true,"showSkybox":true,"showFlares":true,"showImageEffects":true,"showParticleSystems":true,"showVisualEffectGraphs":true,"m_FxEnabled":true},"in2DMode":false,"pivot":{"x":939.9044799804688,"y":531.9859008789063,"z":-95.70507049560547},"rotation":{"x":0.034445684403181079,"y":0.05244508758187294,"z":-0.001810480491258204,"w":0.9980324506759644},"size":680.471435546875,"orthographic":true}